-- phpMyAdmin SQL Dump
-- version 3.5.2.2
-- http://www.phpmyadmin.net
--
-- Host: 127.0.0.1
-- Generation Time: Jun 16, 2013 at 10:18 PM
-- Server version: 5.5.27
-- PHP Version: 5.4.7

SET SQL_MODE="NO_AUTO_VALUE_ON_ZERO";
SET time_zone = "+00:00";


/*!40101 SET @OLD_CHARACTER_SET_CLIENT=@@CHARACTER_SET_CLIENT */;
/*!40101 SET @OLD_CHARACTER_SET_RESULTS=@@CHARACTER_SET_RESULTS */;
/*!40101 SET @OLD_COLLATION_CONNECTION=@@COLLATION_CONNECTION */;
/*!40101 SET NAMES utf8 */;

--
-- Database: `fyp`
--

-- --------------------------------------------------------

--
-- Table structure for table `baitulmall`
--

CREATE TABLE IF NOT EXISTS `baitulmall` (
  `ID` int(11) NOT NULL DEFAULT '0',
  `coins` int(32) DEFAULT NULL,
  `zakatCoins` int(32) DEFAULT NULL,
  PRIMARY KEY (`ID`)
) ENGINE=InnoDB DEFAULT CHARSET=latin1;

--
-- Dumping data for table `baitulmall`
--

INSERT INTO `baitulmall` (`ID`, `coins`, `zakatCoins`) VALUES
(0, 1960, 4818);

-- --------------------------------------------------------

--
-- Table structure for table `farm`
--

CREATE TABLE IF NOT EXISTS `farm` (
  `ID` int(11) NOT NULL AUTO_INCREMENT,
  `state` varchar(255) DEFAULT NULL,
  `cycle` varchar(255) DEFAULT NULL,
  `owner` varchar(255) DEFAULT NULL,
  `x` int(11) DEFAULT NULL,
  `y` int(11) DEFAULT NULL,
  `crop` varchar(255) DEFAULT NULL,
  PRIMARY KEY (`ID`),
  KEY `owner` (`owner`)
) ENGINE=InnoDB  DEFAULT CHARSET=latin1 AUTO_INCREMENT=125 ;

--
-- Dumping data for table `farm`
--

INSERT INTO `farm` (`ID`, `state`, `cycle`, `owner`, `x`, `y`, `crop`) VALUES
(118, '1', '1', 'ali', 471, 193, 'wheat'),
(119, '0', '1', 'ali', 83, 207, 'corn'),
(120, '1', '1', 'haider', 529, 241, 'corn'),
(121, '1', '1', 'baig1', 433, 229, 'corn'),
(122, '1', '1', 'fyp', 488, 144, 'corn'),
(123, '1', '1', 'fyp', 259, 172, 'wheat'),
(124, '1', '1', 'fast', 482, 150, 'wheat');

-- --------------------------------------------------------

--
-- Table structure for table `market`
--

CREATE TABLE IF NOT EXISTS `market` (
  `id` int(11) NOT NULL AUTO_INCREMENT,
  `stock` int(11) DEFAULT NULL,
  `crop` varchar(144) DEFAULT NULL,
  PRIMARY KEY (`id`)
) ENGINE=InnoDB  DEFAULT CHARSET=latin1 AUTO_INCREMENT=3 ;

--
-- Dumping data for table `market`
--

INSERT INTO `market` (`id`, `stock`, `crop`) VALUES
(1, 3200, 'corn'),
(2, 700, 'wheat');

-- --------------------------------------------------------

--
-- Table structure for table `market_rates`
--

CREATE TABLE IF NOT EXISTS `market_rates` (
  `id` int(11) NOT NULL AUTO_INCREMENT,
  `item_type` varchar(255) DEFAULT NULL,
  `rate` int(11) DEFAULT NULL,
  `date` timestamp NOT NULL DEFAULT CURRENT_TIMESTAMP ON UPDATE CURRENT_TIMESTAMP,
  `game_day` int(11) DEFAULT NULL,
  PRIMARY KEY (`id`)
) ENGINE=InnoDB  DEFAULT CHARSET=latin1 AUTO_INCREMENT=772 ;

--
-- Dumping data for table `market_rates`
--

INSERT INTO `market_rates` (`id`, `item_type`, `rate`, `date`, `game_day`) VALUES
(746, 'corn', 35, '2013-05-28 20:10:29', 127),
(747, 'wheat', 45, '2013-05-28 20:10:30', 127),
(748, 'corn', 35, '2013-05-28 20:15:08', 127),
(749, 'wheat', 45, '2013-05-28 20:15:09', 127),
(750, 'wheat', 44, '2013-05-28 20:15:09', 249),
(751, 'wheat', 42, '2013-05-28 20:15:09', 248),
(752, 'corn', 41, '2013-05-28 20:15:09', 248),
(753, 'corn', 43, '2013-05-28 20:15:09', 249),
(754, 'wheat', 44, '2013-05-28 20:15:09', 251),
(755, 'wheat', 41, '2013-05-28 20:15:09', 250),
(756, 'wheat', 35, '2013-05-28 20:15:09', 252),
(757, 'corn', 40, '2013-05-28 20:15:09', 252),
(758, 'corn', 45, '2013-05-28 20:15:09', 251),
(759, 'corn', 49, '2013-05-28 20:15:09', 250),
(760, 'corn', 49, '2013-05-28 20:15:09', 265),
(761, 'corn', 44, '2013-05-28 20:15:09', 264),
(762, 'wheat', 40, '2013-05-28 20:15:09', 264),
(763, 'wheat', 47, '2013-05-28 20:15:09', 265),
(764, 'wheat', 44, '2013-05-28 20:15:09', 263),
(765, 'wheat', 40, '2013-05-28 20:15:09', 262),
(766, 'wheat', 47, '2013-05-28 20:15:09', 261),
(767, 'wheat', 42, '2013-05-28 20:15:09', 260),
(768, 'corn', 37, '2013-05-28 20:15:09', 263),
(769, 'corn', 39, '2013-05-28 20:15:09', 262),
(770, 'corn', 41, '2013-05-28 20:15:09', 261),
(771, 'corn', 46, '2013-05-28 20:15:09', 260);

-- --------------------------------------------------------

--
-- Table structure for table `market_transaction`
--

CREATE TABLE IF NOT EXISTS `market_transaction` (
  `id` int(11) NOT NULL AUTO_INCREMENT,
  `username` varchar(255) DEFAULT NULL,
  `transaction_type` varchar(1) DEFAULT NULL,
  `item_type` varchar(255) DEFAULT NULL,
  `amount` int(11) DEFAULT NULL,
  `date` timestamp NOT NULL DEFAULT CURRENT_TIMESTAMP ON UPDATE CURRENT_TIMESTAMP,
  `game_day` int(11) DEFAULT NULL,
  PRIMARY KEY (`id`)
) ENGINE=InnoDB  DEFAULT CHARSET=latin1 AUTO_INCREMENT=603 ;

--
-- Dumping data for table `market_transaction`
--

INSERT INTO `market_transaction` (`id`, `username`, `transaction_type`, `item_type`, `amount`, `date`, `game_day`) VALUES
(196, 'ali', '0', 'corn', 35, '2013-05-28 20:19:12', 127),
(197, 'ali', '1', 'corn', 35, '2013-05-28 20:19:13', 127),
(198, 'ali', '1', 'wheat', 45, '2013-05-28 20:19:13', 127),
(199, 'ali', '1', 'wheat', 45, '2013-05-28 20:19:13', 127),
(200, 'ali', '0', 'wheat', 45, '2013-05-28 20:19:14', 127),
(201, 'ali', '0', 'corn', 35, '2013-05-28 20:19:14', 127),
(202, 'ali', '1', 'corn', 35, '2013-05-28 20:19:14', 127),
(203, 'ali', '1', 'wheat', 45, '2013-05-28 20:19:15', 127),
(204, 'ali', '1', 'wheat', 45, '2013-05-28 20:19:15', 127),
(205, 'ali', '0', 'wheat', 45, '2013-05-28 20:19:15', 127),
(206, 'ali', '1', 'corn', 35, '2013-05-28 21:01:31', 250),
(207, 'ali', '1', 'wheat', 45, '2013-05-28 21:01:31', 250),
(208, 'ali', '1', 'wheat', 45, '2013-05-28 21:01:31', 250),
(209, 'ali', '1', 'wheat', 45, '2013-05-28 21:01:32', 250),
(210, 'ali', '0', 'wheat', 45, '2013-05-28 21:01:32', 250),
(211, 'ali', '0', 'wheat', 45, '2013-05-28 21:01:32', 250),
(212, 'ali', '0', 'corn', 35, '2013-05-28 21:01:32', 250),
(213, 'ali', '0', 'corn', 35, '2013-05-28 21:01:33', 250),
(214, 'ali', '0', 'wheat', 45, '2013-05-28 21:01:33', 250),
(215, 'ali', '1', 'wheat', 45, '2013-05-28 21:01:33', 250),
(216, 'ali', '1', 'corn', 35, '2013-05-28 21:01:34', 250),
(217, 'ali', '0', 'corn', 35, '2013-05-28 21:01:34', 250),
(218, 'ali', '0', 'wheat', 45, '2013-05-28 21:01:35', 250),
(219, 'ali', '1', 'wheat', 45, '2013-05-28 21:01:35', 250),
(220, 'ali', '0', 'corn', 35, '2013-05-28 21:01:35', 250),
(221, 'ali', '0', 'wheat', 45, '2013-05-28 21:01:36', 250),
(222, 'ali', '1', 'wheat', 45, '2013-05-28 21:01:36', 250),
(223, 'ali', '1', 'corn', 35, '2013-05-28 21:01:37', 250),
(224, 'ali', '0', 'wheat', 45, '2013-05-28 21:01:37', 250),
(225, 'ali', '0', 'wheat', 45, '2013-05-28 21:01:37', 250),
(226, 'ali', '0', 'corn', 35, '2013-05-28 21:01:38', 250),
(227, 'ali', '1', 'corn', 35, '2013-05-28 21:01:38', 250),
(228, 'ali', '1', 'wheat', 45, '2013-05-28 21:01:38', 250),
(229, 'ali', '1', 'corn', 35, '2013-05-28 21:02:31', 249),
(230, 'ali', '1', 'corn', 35, '2013-05-28 21:02:31', 249),
(231, 'ali', '1', 'corn', 35, '2013-05-28 21:02:32', 249),
(232, 'ali', '1', 'corn', 35, '2013-05-28 21:02:32', 249),
(233, 'ali', '0', 'wheat', 45, '2013-05-28 21:02:32', 249),
(234, 'ali', '0', 'wheat', 45, '2013-05-28 21:02:32', 249),
(235, 'ali', '0', 'wheat', 45, '2013-05-28 21:02:33', 249),
(236, 'ali', '1', 'wheat', 45, '2013-05-28 21:02:33', 249),
(237, 'ali', '1', 'wheat', 45, '2013-05-28 21:02:33', 249),
(238, 'ali', '1', 'wheat', 45, '2013-05-28 21:02:33', 249),
(239, 'ali', '0', 'corn', 35, '2013-05-28 21:02:33', 249),
(240, 'ali', '0', 'corn', 35, '2013-05-28 21:02:33', 249),
(241, 'ali', '1', 'corn', 35, '2013-05-28 21:02:34', 249),
(242, 'ali', '1', 'wheat', 45, '2013-05-28 21:02:34', 249),
(243, 'ali', '0', 'wheat', 45, '2013-05-28 21:02:34', 249),
(244, 'ali', '0', 'wheat', 45, '2013-05-28 21:02:35', 249),
(245, 'ali', '0', 'wheat', 45, '2013-05-28 21:02:35', 249),
(246, 'ali', '0', 'corn', 35, '2013-05-28 21:02:35', 249),
(247, 'ali', '0', 'corn', 35, '2013-05-28 21:02:35', 249),
(248, 'ali', '0', 'wheat', 45, '2013-05-28 21:02:36', 249),
(249, 'ali', '0', 'wheat', 45, '2013-05-28 21:02:36', 249),
(250, 'ali', '0', 'corn', 35, '2013-05-28 21:02:36', 249),
(251, 'ali', '0', 'wheat', 45, '2013-05-28 21:02:37', 249),
(252, 'ali', '0', 'corn', 35, '2013-05-28 21:02:37', 249),
(253, 'ali', '0', 'wheat', 45, '2013-05-28 21:02:37', 249),
(254, 'ali', '0', 'wheat', 45, '2013-05-28 21:02:38', 249),
(255, 'ali', '0', 'wheat', 45, '2013-05-28 21:03:43', 248),
(256, 'ali', '0', 'wheat', 45, '2013-05-28 21:03:44', 248),
(257, 'ali', '0', 'wheat', 45, '2013-05-28 21:03:44', 248),
(258, 'ali', '0', 'wheat', 45, '2013-05-28 21:03:44', 248),
(259, 'ali', '0', 'corn', 35, '2013-05-28 21:03:44', 248),
(260, 'ali', '0', 'corn', 35, '2013-05-28 21:03:44', 248),
(261, 'ali', '0', 'corn', 35, '2013-05-28 21:03:44', 248),
(262, 'ali', '0', 'corn', 35, '2013-05-28 21:03:45', 248),
(263, 'ali', '0', 'wheat', 45, '2013-05-28 21:03:45', 248),
(264, 'ali', '0', 'wheat', 45, '2013-05-28 21:03:45', 248),
(265, 'ali', '0', 'wheat', 45, '2013-05-28 21:03:45', 248),
(266, 'ali', '1', 'corn', 35, '2013-05-28 21:03:48', 248),
(267, 'ali', '1', 'wheat', 45, '2013-05-28 21:03:48', 248),
(268, 'ali', '1', 'corn', 35, '2013-05-28 21:03:49', 248),
(269, 'ali', '1', 'wheat', 45, '2013-05-28 21:03:49', 248),
(270, 'ali', '1', 'corn', 35, '2013-05-28 21:03:49', 248),
(271, 'ali', '0', 'corn', 43, '2013-05-29 08:40:34', 252),
(272, 'ali', '0', 'corn', 43, '2013-05-29 08:40:34', 252),
(273, 'ali', '1', 'corn', 43, '2013-05-29 08:40:34', 252),
(274, 'ali', '1', 'corn', 43, '2013-05-29 08:40:35', 252),
(275, 'ali', '1', 'corn', 43, '2013-05-29 08:40:35', 252),
(276, 'ali', '1', 'wheat', 37, '2013-05-29 08:40:35', 252),
(277, 'ali', '1', 'wheat', 37, '2013-05-29 08:40:35', 252),
(278, 'ali', '0', 'wheat', 37, '2013-05-29 08:40:36', 252),
(279, 'ali', '0', 'wheat', 37, '2013-05-29 08:40:36', 252),
(280, 'ali', '1', 'corn', 43, '2013-05-29 08:40:37', 252),
(281, 'ali', '1', 'wheat', 37, '2013-05-29 08:40:38', 252),
(282, 'ali', '0', 'wheat', 37, '2013-05-29 08:40:38', 252),
(283, 'ali', '0', 'corn', 43, '2013-05-29 08:40:39', 252),
(284, 'ali', '1', 'corn', 43, '2013-05-29 08:40:39', 252),
(285, 'ali', '1', 'wheat', 37, '2013-05-29 08:40:39', 252),
(286, 'ali', '1', 'wheat', 37, '2013-05-29 08:40:39', 252),
(287, 'ali', '1', 'wheat', 37, '2013-05-29 08:40:40', 252),
(288, 'ali', '0', 'wheat', 37, '2013-05-29 08:40:40', 252),
(289, 'ali', '0', 'corn', 43, '2013-05-29 08:40:41', 252),
(290, 'ali', '1', 'corn', 43, '2013-05-29 08:40:41', 252),
(291, 'ali', '1', 'wheat', 37, '2013-05-29 08:40:41', 252),
(292, 'ali', '0', 'wheat', 37, '2013-05-29 08:40:42', 253),
(293, 'ali', '0', 'corn', 43, '2013-05-29 08:40:42', 253),
(294, 'ali', '0', 'corn', 43, '2013-05-29 08:40:42', 253),
(295, 'ali', '0', 'corn', 43, '2013-05-29 08:40:42', 253),
(296, 'ali', '0', 'wheat', 37, '2013-05-29 08:40:43', 253),
(297, 'ali', '0', 'wheat', 37, '2013-05-29 08:40:43', 253),
(298, 'ali', '1', 'wheat', 37, '2013-05-29 08:40:43', 253),
(299, 'ali', '1', 'wheat', 37, '2013-05-29 08:40:44', 253),
(300, 'ali', '1', 'corn', 43, '2013-05-29 08:40:44', 253),
(301, 'ali', '1', 'corn', 43, '2013-05-29 08:40:44', 253),
(302, 'ali', '1', 'corn', 35, '2013-05-29 08:41:51', 259),
(303, 'ali', '1', 'corn', 35, '2013-05-29 08:41:51', 259),
(304, 'ali', '1', 'corn', 35, '2013-05-29 08:41:51', 259),
(305, 'ali', '1', 'corn', 35, '2013-05-29 08:41:51', 259),
(306, 'ali', '1', 'wheat', 45, '2013-05-29 08:41:52', 260),
(307, 'ali', '1', 'wheat', 45, '2013-05-29 08:41:52', 260),
(308, 'ali', '1', 'wheat', 45, '2013-05-29 08:41:52', 260),
(309, 'ali', '0', 'wheat', 45, '2013-05-29 08:41:53', 260),
(310, 'ali', '0', 'wheat', 45, '2013-05-29 08:41:53', 260),
(311, 'ali', '0', 'corn', 35, '2013-05-29 08:41:53', 260),
(312, 'ali', '1', 'corn', 35, '2013-05-29 08:41:54', 260),
(313, 'ali', '1', 'wheat', 45, '2013-05-29 08:41:54', 260),
(314, 'ali', '0', 'wheat', 45, '2013-05-29 08:41:54', 260),
(315, 'ali', '0', 'corn', 35, '2013-05-29 08:41:54', 260),
(316, 'ali', '1', 'corn', 35, '2013-05-29 08:41:55', 260),
(317, 'ali', '1', 'wheat', 45, '2013-05-29 08:41:55', 260),
(318, 'ali', '1', 'wheat', 45, '2013-05-29 08:41:55', 260),
(319, 'ali', '1', 'wheat', 45, '2013-05-29 08:41:56', 260),
(320, 'ali', '1', 'wheat', 45, '2013-05-29 08:41:56', 260),
(321, 'ali', '0', 'wheat', 45, '2013-05-29 08:41:56', 260),
(322, 'ali', '0', 'wheat', 45, '2013-05-29 08:41:56', 260),
(323, 'ali', '0', 'corn', 35, '2013-05-29 08:41:57', 260),
(324, 'ali', '1', 'corn', 35, '2013-05-29 08:41:57', 260),
(325, 'ali', '1', 'wheat', 45, '2013-05-29 08:41:58', 260),
(326, 'ali', '0', 'wheat', 45, '2013-05-29 08:41:58', 260),
(327, 'ali', '0', 'corn', 35, '2013-05-29 08:41:59', 260),
(328, 'ali', '1', 'corn', 35, '2013-05-29 08:41:59', 260),
(329, 'ali', '1', 'wheat', 45, '2013-05-29 08:41:59', 260),
(330, 'ali', '1', 'wheat', 45, '2013-05-29 08:41:59', 260),
(331, 'ali', '0', 'wheat', 45, '2013-05-29 08:42:00', 260),
(332, 'ali', '0', 'wheat', 45, '2013-05-29 08:42:01', 260),
(333, 'ali', '0', 'wheat', 45, '2013-05-29 08:42:01', 260),
(334, 'ali', '1', 'wheat', 45, '2013-05-29 08:42:01', 260),
(335, 'ali', '1', 'wheat', 45, '2013-05-29 08:42:02', 260),
(336, 'ali', '0', 'wheat', 45, '2013-05-29 08:42:05', 261),
(337, 'ali', '0', 'wheat', 45, '2013-05-29 08:42:05', 261),
(338, 'ali', '0', 'wheat', 45, '2013-05-29 08:42:05', 261),
(339, 'ali', '0', 'wheat', 45, '2013-05-29 08:42:05', 261),
(340, 'ali', '1', 'wheat', 45, '2013-05-29 08:42:06', 261),
(341, 'ali', '1', 'wheat', 45, '2013-05-29 08:42:06', 261),
(342, 'ali', '1', 'wheat', 45, '2013-05-29 08:42:06', 261),
(343, 'ali', '1', 'wheat', 45, '2013-05-29 08:42:06', 261),
(344, 'ali', '0', 'wheat', 45, '2013-05-29 08:42:07', 261),
(345, 'ali', '0', 'wheat', 45, '2013-05-29 08:42:07', 261),
(346, 'ali', '1', 'wheat', 45, '2013-05-29 08:42:08', 261),
(347, 'ali', '1', 'wheat', 45, '2013-05-29 08:42:08', 261),
(348, 'ali', '0', 'wheat', 45, '2013-05-29 08:42:08', 261),
(349, 'ali', '0', 'wheat', 45, '2013-05-29 08:42:08', 261),
(350, 'ali', '0', 'wheat', 45, '2013-05-29 08:42:08', 261),
(351, 'ali', '1', 'corn', 35, '2013-05-29 09:27:51', 264),
(352, 'ali', '1', 'corn', 35, '2013-05-29 09:27:51', 264),
(353, 'ali', '1', 'corn', 35, '2013-05-29 09:27:51', 264),
(354, 'ali', '1', 'wheat', 45, '2013-05-29 09:27:51', 264),
(355, 'ali', '1', 'wheat', 45, '2013-05-29 09:27:51', 264),
(356, 'ali', '0', 'wheat', 45, '2013-05-29 09:27:52', 264),
(357, 'ali', '0', 'corn', 35, '2013-05-29 09:27:52', 264),
(358, 'ali', '1', 'corn', 35, '2013-05-29 09:27:52', 264),
(359, 'ali', '1', 'wheat', 45, '2013-05-29 09:27:52', 264),
(360, 'ali', '0', 'wheat', 45, '2013-05-29 09:27:53', 264),
(361, 'ali', '0', 'corn', 35, '2013-05-29 09:27:53', 264),
(362, 'ali', '0', 'corn', 35, '2013-05-29 09:27:53', 264),
(363, 'ali', '1', 'corn', 35, '2013-05-29 09:27:53', 264),
(364, 'ali', '1', 'wheat', 45, '2013-05-29 09:27:54', 264),
(365, 'ali', '1', 'wheat', 45, '2013-05-29 09:27:54', 264),
(366, 'ali', '1', 'wheat', 45, '2013-05-29 09:27:54', 264),
(367, 'ali', '1', 'wheat', 45, '2013-05-29 09:27:54', 264),
(368, 'ali', '1', 'wheat', 45, '2013-05-29 09:27:55', 264),
(369, 'ali', '0', 'wheat', 45, '2013-05-29 09:27:55', 264),
(370, 'ali', '0', 'corn', 35, '2013-05-29 09:27:55', 264),
(371, 'ali', '0', 'corn', 35, '2013-05-29 09:27:55', 264),
(372, 'ali', '1', 'corn', 35, '2013-05-29 09:27:56', 264),
(373, 'ali', '1', 'wheat', 45, '2013-05-29 09:27:56', 264),
(374, 'ali', '0', 'wheat', 45, '2013-05-29 09:27:56', 264),
(375, 'ali', '0', 'corn', 35, '2013-05-29 09:27:56', 264),
(376, 'ali', '0', 'wheat', 45, '2013-05-29 09:27:57', 264),
(377, 'ali', '0', 'wheat', 45, '2013-05-29 09:27:57', 264),
(378, 'ali', '1', 'wheat', 45, '2013-05-29 09:27:58', 264),
(379, 'ali', '1', 'corn', 35, '2013-05-29 09:27:58', 264),
(380, 'ali', '0', 'corn', 35, '2013-05-29 09:27:58', 264),
(381, 'ali', '0', 'wheat', 45, '2013-05-29 09:27:59', 264),
(382, 'ali', '1', 'wheat', 45, '2013-05-29 09:27:59', 264),
(383, 'ali', '1', 'corn', 35, '2013-05-29 09:27:59', 264),
(384, 'ali', '0', 'corn', 35, '2013-05-29 09:27:59', 264),
(385, 'ali', '1', 'wheat', 45, '2013-05-29 09:28:00', 264),
(386, 'ali', '1', 'wheat', 45, '2013-05-29 09:28:00', 264),
(387, 'ali', '1', 'wheat', 45, '2013-05-29 09:28:00', 264),
(388, 'ali', '0', 'wheat', 45, '2013-05-29 09:28:01', 264),
(389, 'ali', '0', 'corn', 35, '2013-05-29 09:28:01', 264),
(390, 'ali', '1', 'corn', 35, '2013-05-29 09:28:01', 264),
(391, 'ali', '1', 'wheat', 45, '2013-05-29 09:28:01', 264),
(392, 'ali', '1', 'corn', 35, '2013-05-29 09:28:02', 264),
(393, 'ali', '0', 'corn', 35, '2013-05-29 09:28:03', 264),
(394, 'ali', '0', 'corn', 35, '2013-05-29 09:28:03', 264),
(395, 'ali', '0', 'wheat', 45, '2013-05-29 09:28:03', 264),
(396, 'ali', '0', 'corn', 35, '2013-05-29 09:28:04', 264),
(397, 'ali', '1', 'wheat', 45, '2013-05-29 09:28:04', 264),
(398, 'ali', '1', 'wheat', 30, '2013-05-29 09:28:54', 264),
(399, 'ali', '1', 'wheat', 30, '2013-05-29 09:30:01', 264),
(400, 'ali', '0', 'corn', 35, '2013-05-29 09:30:11', 265),
(401, 'ali', '0', 'corn', 35, '2013-05-29 09:30:11', 265),
(402, 'ali', '1', 'corn', 35, '2013-05-29 09:30:11', 265),
(403, 'ali', '1', 'corn', 35, '2013-05-29 09:30:11', 265),
(404, 'ali', '1', 'wheat', 45, '2013-05-29 09:30:12', 265),
(405, 'ali', '0', 'wheat', 45, '2013-05-29 09:30:12', 265),
(406, 'ali', '0', 'wheat', 45, '2013-05-29 09:30:12', 265),
(407, 'ali', '0', 'wheat', 45, '2013-05-29 09:30:12', 265),
(408, 'ali', '1', 'wheat', 45, '2013-05-29 09:30:13', 265),
(409, 'ali', '1', 'corn', 35, '2013-05-29 09:30:13', 265),
(410, 'ali', '0', 'corn', 35, '2013-05-29 09:30:13', 265),
(411, 'ali', '0', 'corn', 35, '2013-05-29 09:30:13', 265),
(412, 'ali', '0', 'wheat', 45, '2013-05-29 09:30:13', 265),
(413, 'ali', '1', 'wheat', 45, '2013-05-29 09:30:14', 265),
(414, 'ali', '1', 'corn', 35, '2013-05-29 09:30:14', 265),
(415, 'ali', '0', 'corn', 35, '2013-05-29 09:30:14', 265),
(416, 'ali', '0', 'wheat', 45, '2013-05-29 09:30:15', 265),
(417, 'ali', '1', 'wheat', 45, '2013-05-29 09:30:15', 265),
(418, 'ali', '1', 'wheat', 45, '2013-05-29 09:30:17', 265),
(419, 'ali', '1', 'wheat', 45, '2013-05-29 09:30:18', 265),
(420, 'ali', '0', 'wheat', 45, '2013-05-29 09:30:18', 265),
(421, 'ali', '0', 'corn', 35, '2013-05-29 09:30:18', 265),
(422, 'ali', '1', 'corn', 35, '2013-05-29 09:30:18', 265),
(423, 'ali', '1', 'wheat', 45, '2013-05-29 09:30:19', 265),
(424, 'ali', '0', 'wheat', 45, '2013-05-29 09:30:19', 265),
(425, 'ali', '0', 'corn', 35, '2013-05-29 09:30:19', 265),
(426, 'ali', '1', 'wheat', 45, '2013-05-29 09:30:19', 265),
(427, 'ali', '0', 'wheat', 45, '2013-05-29 09:30:20', 265),
(428, 'ali', '1', 'corn', 35, '2013-05-29 09:30:20', 265),
(429, 'ali', '1', 'corn', 0, '2013-05-29 09:30:21', 265),
(430, 'ali', '0', 'wheat', 45, '2013-05-29 09:30:21', 265),
(431, 'ali', '0', 'corn', 0, '2013-05-29 09:30:21', 265),
(432, 'ali', '0', 'corn', 0, '2013-05-29 09:30:21', 265),
(433, 'ali', '1', 'corn', 0, '2013-05-29 09:30:22', 265),
(434, 'ali', '0', 'wheat', 45, '2013-05-29 09:30:22', 265),
(435, 'ali', '0', 'wheat', 45, '2013-05-29 09:30:22', 265),
(436, 'ali', '1', 'wheat', 45, '2013-05-29 09:30:22', 265),
(437, 'ali', '1', 'wheat', 45, '2013-05-29 09:30:23', 265),
(438, 'ali', '0', 'wheat', 45, '2013-05-29 09:30:23', 265),
(439, 'ali', '1', 'corn', 54, '2013-05-29 09:43:56', 265),
(440, 'ali', '1', 'corn', 54, '2013-05-29 09:43:57', 265),
(441, 'ali', '1', 'corn', 54, '2013-05-29 09:43:57', 265),
(442, 'ali', '1', 'corn', 54, '2013-05-29 09:43:57', 265),
(443, 'ali', '1', 'corn', 54, '2013-05-29 09:43:57', 265),
(444, 'ali', '1', 'corn', 54, '2013-05-29 09:43:57', 265),
(445, 'ali', '1', 'corn', 54, '2013-05-29 09:43:57', 265),
(446, 'ali', '1', 'corn', 54, '2013-05-29 09:43:58', 265),
(447, 'ali', '0', 'corn', 54, '2013-05-29 09:43:58', 265),
(448, 'ali', '0', 'corn', 54, '2013-05-29 09:43:58', 265),
(449, 'ali', '0', 'corn', 54, '2013-05-29 09:43:58', 265),
(450, 'ali', '0', 'corn', 54, '2013-05-29 09:43:59', 265),
(451, 'ali', '1', 'wheat', 45, '2013-05-29 09:43:59', 265),
(452, 'ali', '1', 'wheat', 45, '2013-05-29 09:43:59', 265),
(453, 'ali', '1', 'wheat', 45, '2013-05-29 09:44:00', 265),
(454, 'ali', '0', 'wheat', 45, '2013-05-29 09:44:00', 265),
(455, 'ali', '0', 'wheat', 45, '2013-05-29 09:44:00', 265),
(456, 'ali', '0', 'wheat', 45, '2013-05-29 09:44:00', 265),
(457, 'ali', '0', 'wheat', 45, '2013-05-29 09:44:00', 265),
(458, 'ali', '0', 'wheat', 45, '2013-05-29 09:44:01', 265),
(459, 'ali', '0', 'wheat', 45, '2013-05-29 09:44:01', 265),
(460, 'ali', '0', 'wheat', 45, '2013-05-29 09:44:01', 265),
(461, 'ali', '0', 'wheat', 45, '2013-05-29 09:44:01', 265),
(462, 'ali', '0', 'wheat', 45, '2013-05-29 09:44:01', 265),
(463, 'ali', '0', 'wheat', 45, '2013-05-29 09:44:01', 265),
(464, 'ali', '0', 'corn', 54, '2013-05-29 09:44:02', 265),
(465, 'ali', '0', 'corn', 54, '2013-05-29 09:44:02', 265),
(466, 'ali', '1', 'corn', 54, '2013-05-29 09:44:02', 265),
(467, 'ali', '1', 'wheat', 45, '2013-05-29 09:44:02', 265),
(468, 'ali', '1', 'wheat', 45, '2013-05-29 09:44:02', 265),
(469, 'ali', '1', 'wheat', 45, '2013-05-29 09:44:03', 265),
(470, 'ali', '1', 'wheat', 45, '2013-05-29 09:44:03', 265),
(471, 'ali', '0', 'wheat', 45, '2013-05-29 09:44:03', 265),
(472, 'ali', '0', 'wheat', 45, '2013-05-29 09:44:03', 265),
(473, 'ali', '0', 'wheat', 45, '2013-05-29 09:44:03', 265),
(474, 'ali', '0', 'corn', 54, '2013-05-29 09:44:04', 265),
(475, 'ali', '0', 'corn', 54, '2013-05-29 09:44:04', 265),
(476, 'ali', '0', 'wheat', 45, '2013-05-29 09:44:04', 265),
(477, 'ali', '0', 'wheat', 45, '2013-05-29 09:44:04', 265),
(478, 'ali', '0', 'wheat', 45, '2013-05-29 09:44:05', 265),
(479, 'ali', '1', 'wheat', 45, '2013-05-29 09:44:05', 265),
(480, 'ali', '1', 'wheat', 45, '2013-05-29 09:44:05', 265),
(481, 'ali', '1', 'wheat', 45, '2013-05-29 09:44:05', 265),
(482, 'ali', '0', 'wheat', 45, '2013-05-29 09:44:05', 265),
(483, 'ali', '0', 'corn', 54, '2013-05-29 09:44:06', 265),
(484, 'ali', '1', 'corn', 54, '2013-05-29 09:44:06', 265),
(485, 'ali', '1', 'wheat', 45, '2013-05-29 09:44:06', 265),
(486, 'ali', '1', 'wheat', 45, '2013-05-29 09:44:06', 265),
(487, 'ali', '1', 'wheat', 45, '2013-05-29 09:44:07', 265),
(488, 'ali', '0', 'wheat', 45, '2013-05-29 09:44:07', 265),
(489, 'ali', '0', 'wheat', 45, '2013-05-29 09:44:07', 265),
(490, 'ali', '1', 'corn', 30, '2013-05-30 05:38:51', 265),
(491, 'ali', '0', 'corn', 47, '2013-05-31 12:06:11', 266),
(492, 'ali', '0', 'corn', 47, '2013-05-31 12:06:13', 266),
(493, 'ali', '0', 'corn', 47, '2013-05-31 12:06:16', 266),
(494, 'ali', '0', 'wheat', 43, '2013-05-31 12:06:19', 266),
(495, 'ali', '0', 'wheat', 43, '2013-05-31 12:06:19', 266),
(496, 'ali', '0', 'wheat', 43, '2013-05-31 12:06:19', 266),
(497, 'ali', '0', 'wheat', 43, '2013-05-31 12:06:20', 266),
(498, 'ali', '0', 'wheat', 43, '2013-05-31 12:06:20', 266),
(499, 'ali', '0', 'wheat', 43, '2013-05-31 12:06:20', 266),
(500, 'ali', '0', 'wheat', 43, '2013-05-31 12:06:20', 266),
(501, 'ali', '0', 'wheat', 43, '2013-05-31 12:06:20', 266),
(502, 'fyp', '1', 'corn', 47, '2013-06-01 08:00:45', 266),
(503, 'fyp', '1', 'corn', 47, '2013-06-01 08:00:45', 266),
(504, 'fyp', '1', 'corn', 47, '2013-06-01 08:00:46', 266),
(505, 'fyp', '0', 'wheat', 43, '2013-06-01 08:00:47', 266),
(506, 'fyp', '0', 'corn', 47, '2013-06-01 08:01:00', 266),
(507, 'fyp', '0', 'wheat', 43, '2013-06-01 08:01:03', 266),
(508, 'fyp', '0', 'wheat', 43, '2013-06-01 08:01:04', 266),
(509, 'fyp', '0', 'wheat', 43, '2013-06-01 08:01:05', 266),
(510, 'fyp', '1', 'wheat', 43, '2013-06-01 08:01:19', 266),
(511, 'fyp', '1', 'wheat', 43, '2013-06-01 08:01:19', 266),
(512, 'fyp', '1', 'wheat', 43, '2013-06-01 08:01:19', 266),
(513, 'fyp', '1', 'wheat', 43, '2013-06-01 08:01:19', 266),
(514, 'fyp', '1', 'wheat', 43, '2013-06-01 08:01:20', 266),
(515, 'fyp', '1', 'wheat', 43, '2013-06-01 08:01:20', 266),
(516, 'fyp', '1', 'wheat', 43, '2013-06-01 08:01:21', 266),
(517, 'fyp', '1', 'wheat', 43, '2013-06-01 08:01:21', 266),
(518, 'fyp', '1', 'wheat', 43, '2013-06-01 08:01:21', 266),
(519, 'fyp', '1', 'wheat', 43, '2013-06-01 08:01:22', 266),
(520, 'fyp', '1', 'wheat', 43, '2013-06-01 08:01:23', 266),
(521, 'fyp', '1', 'wheat', 43, '2013-06-01 08:01:23', 266),
(522, 'fyp', '1', 'wheat', 43, '2013-06-01 08:01:23', 266),
(523, 'fyp', '1', 'wheat', 43, '2013-06-01 08:01:23', 266),
(524, 'fyp', '1', 'wheat', 43, '2013-06-01 08:01:24', 266),
(525, 'fyp', '1', 'wheat', 43, '2013-06-01 08:01:24', 266),
(526, 'fyp', '1', 'wheat', 43, '2013-06-01 08:01:24', 266),
(527, 'fyp', '1', 'wheat', 43, '2013-06-01 08:01:25', 266),
(528, 'fyp', '1', 'wheat', 43, '2013-06-01 08:01:25', 266),
(529, 'fyp', '1', 'wheat', 43, '2013-06-01 08:01:25', 266),
(530, 'fyp', '1', 'wheat', 43, '2013-06-01 08:01:26', 266),
(531, 'fyp', '1', 'wheat', 43, '2013-06-01 08:01:26', 266),
(532, 'fyp', '1', 'wheat', 43, '2013-06-01 08:01:26', 266),
(533, 'fyp', '1', 'wheat', 43, '2013-06-01 08:01:26', 266),
(534, 'ali', '1', 'wheat', 0, '2013-06-15 01:43:59', 266),
(535, 'ali', '1', 'wheat', 0, '2013-06-15 01:43:59', 266),
(536, 'ali', '1', 'wheat', 0, '2013-06-15 01:43:59', 266),
(537, 'fast', '0', 'corn', 47, '2013-06-15 02:24:29', 266),
(538, 'fast', '0', 'corn', 47, '2013-06-15 02:24:29', 266),
(539, 'fast', '0', 'corn', 47, '2013-06-15 02:24:34', 266),
(540, 'fast', '0', 'corn', 47, '2013-06-15 02:24:35', 266),
(541, 'fast', '1', 'corn', 47, '2013-06-15 02:24:37', 266),
(542, 'fast', '1', 'corn', 47, '2013-06-15 02:24:37', 266),
(543, 'fast', '1', 'corn', 47, '2013-06-15 02:24:37', 266),
(544, 'fast', '1', 'corn', 47, '2013-06-15 02:24:38', 266),
(545, 'fast', '1', 'corn', 47, '2013-06-15 02:24:38', 266),
(546, 'fast', '1', 'corn', 47, '2013-06-15 02:24:38', 266),
(547, 'fast', '1', 'corn', 47, '2013-06-15 02:24:38', 266),
(548, 'fast', '1', 'corn', 47, '2013-06-15 02:24:38', 266),
(549, 'fast', '1', 'corn', 47, '2013-06-15 02:24:38', 266),
(550, 'fast', '1', 'corn', 47, '2013-06-15 02:24:39', 266),
(551, 'fast', '1', 'corn', 47, '2013-06-15 02:24:39', 266),
(552, 'fast', '1', 'corn', 47, '2013-06-15 02:24:39', 266),
(553, 'fast', '0', 'corn', 47, '2013-06-15 02:24:40', 266),
(554, 'fast', '0', 'corn', 47, '2013-06-15 02:24:40', 266),
(555, 'fast', '0', 'corn', 47, '2013-06-15 02:24:40', 266),
(556, 'fast', '0', 'corn', 47, '2013-06-15 02:24:41', 266),
(557, 'fast', '0', 'corn', 47, '2013-06-15 02:24:41', 266),
(558, 'fast', '1', 'corn', 47, '2013-06-15 02:24:41', 266),
(559, 'fast', '1', 'corn', 47, '2013-06-15 02:24:42', 266),
(560, 'fast', '1', 'corn', 47, '2013-06-15 02:25:04', 266),
(561, 'fast', '1', 'corn', 47, '2013-06-15 02:25:04', 266),
(562, 'fast', '1', 'corn', 47, '2013-06-15 02:25:04', 266),
(563, 'fast', '0', 'corn', 47, '2013-06-15 02:25:05', 266),
(564, 'fast', '0', 'corn', 47, '2013-06-15 02:25:05', 266),
(565, 'fast', '0', 'corn', 47, '2013-06-15 02:25:05', 266),
(566, 'fast', '0', 'corn', 47, '2013-06-15 02:25:06', 266),
(567, 'fast', '0', 'corn', 47, '2013-06-15 02:25:06', 266),
(568, 'fast', '0', 'corn', 47, '2013-06-15 02:25:06', 266),
(569, 'fast', '0', 'corn', 47, '2013-06-15 02:25:06', 266),
(570, 'fast', '0', 'corn', 47, '2013-06-15 02:25:06', 266),
(571, 'fast', '0', 'corn', 47, '2013-06-15 02:25:06', 266),
(572, 'fast', '0', 'corn', 47, '2013-06-15 02:25:07', 266),
(573, 'fast', '0', 'corn', 47, '2013-06-15 02:25:07', 266),
(574, 'fast', '0', 'corn', 47, '2013-06-15 02:25:07', 266),
(575, 'fast', '0', 'corn', 47, '2013-06-15 02:25:07', 266),
(576, 'fast', '1', 'corn', 47, '2013-06-15 02:26:33', 266),
(577, 'fast', '0', 'corn', 47, '2013-06-15 02:26:34', 266),
(578, 'fast', '0', 'corn', 47, '2013-06-15 02:26:34', 266),
(579, 'fast', '0', 'corn', 47, '2013-06-15 02:26:34', 266),
(580, 'fast', '0', 'corn', 47, '2013-06-15 02:26:34', 266),
(581, 'fast', '0', 'corn', 47, '2013-06-15 02:26:35', 266),
(582, 'ali', '1', 'wheat', 30, '2013-06-15 02:39:29', 266),
(583, 'ali', '0', 'corn', 30, '2013-06-15 02:41:14', 266),
(584, 'fast', '0', 'corn', 0, '2013-06-15 03:18:45', 266),
(585, 'fast', '0', 'corn', 0, '2013-06-15 03:18:45', 266),
(586, 'fast', '0', 'corn', 0, '2013-06-15 03:18:46', 266),
(587, 'fast', '0', 'corn', 0, '2013-06-15 03:18:46', 266),
(588, 'fast', '1', 'corn', 0, '2013-06-15 03:19:24', 266),
(589, 'fast', '1', 'corn', 0, '2013-06-15 03:19:24', 266),
(590, 'fast', '1', 'corn', 0, '2013-06-15 03:19:24', 266),
(591, 'fast', '1', 'corn', 0, '2013-06-15 03:19:24', 266),
(592, 'fast', '0', 'corn', 0, '2013-06-15 03:19:26', 266),
(593, 'fast', '0', 'corn', 0, '2013-06-15 03:19:26', 266),
(594, 'fast', '0', 'corn', 0, '2013-06-15 03:19:27', 266),
(595, 'fast', '0', 'wheat', 0, '2013-06-15 03:19:27', 266),
(596, 'fast', '0', 'wheat', 0, '2013-06-15 03:19:27', 266),
(597, 'fast', '1', 'wheat', 0, '2013-06-15 03:19:28', 266),
(598, 'fast', '1', 'wheat', 0, '2013-06-15 03:19:28', 266),
(599, 'fast', '1', 'wheat', 0, '2013-06-15 03:19:29', 266),
(600, 'fast', '1', 'wheat', 0, '2013-06-15 03:19:29', 266),
(601, 'fast', '1', 'wheat', 0, '2013-06-15 03:19:29', 266),
(602, 'fast', '1', 'wheat', 0, '2013-06-15 03:19:29', 266);

-- --------------------------------------------------------

--
-- Table structure for table `player_info`
--

CREATE TABLE IF NOT EXISTS `player_info` (
  `ID` varchar(255) NOT NULL DEFAULT '',
  `score` int(11) DEFAULT NULL,
  `energy` int(11) DEFAULT NULL,
  `isDebtor` varchar(5) DEFAULT NULL,
  `coin` int(11) DEFAULT NULL,
  `total_wheat` int(11) DEFAULT NULL,
  `total_corn` int(11) DEFAULT NULL,
  PRIMARY KEY (`ID`)
) ENGINE=InnoDB DEFAULT CHARSET=latin1;

--
-- Dumping data for table `player_info`
--

INSERT INTO `player_info` (`ID`, `score`, `energy`, `isDebtor`, `coin`, `total_wheat`, `total_corn`) VALUES
('31', 500, 100, 'no', 500, 200, 200),
('ali', 1060, 50, 'no', 456, 150, 200),
('baig', 500, 100, 'no', 500, 200, 200),
('baig1', 500, 100, 'no', 500, 200, 200),
('baig1asd', 500, 100, 'no', 500, 200, 200),
('brannew10', 500, 100, 'no', 500, 200, 200),
('brannew2', 500, 100, 'no', 500, 200, 200),
('brannew3', 500, 100, 'no', 500, 200, 200),
('brannew4', 500, 100, 'no', 500, 200, 200),
('brannew5', 500, 100, 'no', 500, 200, 200),
('brannew6', 500, 100, 'no', 500, 200, 200),
('brannew7', 500, 100, 'no', 500, 200, 200),
('brannew8', 500, 100, 'no', 500, 200, 200),
('brannew9', 500, 100, 'no', 500, 200, 200),
('dilawar', 650, 100, 'no', 462, 200, 200),
('fast', 1230, 95, 'no', 180, 200, 200),
('fyp', 500, 100, 'no', 500, 200, 200),
('haider', 150, 85, 'no', 487, 200, 150),
('newID', 500, 100, 'no', 500, 200, 200),
('ozair', 500, 100, 'no', 500, 200, 200),
('tmp123', 500, 100, 'no', 500, 200, 200);

-- --------------------------------------------------------

--
-- Table structure for table `tmp`
--

CREATE TABLE IF NOT EXISTS `tmp` (
  `id` int(11) NOT NULL AUTO_INCREMENT,
  PRIMARY KEY (`id`)
) ENGINE=InnoDB  DEFAULT CHARSET=latin1 AUTO_INCREMENT=267 ;

--
-- Dumping data for table `tmp`
--

INSERT INTO `tmp` (`id`) VALUES
(1),
(2),
(3),
(4),
(5),
(6),
(7),
(8),
(9),
(10),
(11),
(12),
(13),
(14),
(15),
(16),
(17),
(18),
(19),
(20),
(21),
(22),
(23),
(24),
(25),
(26),
(27),
(28),
(29),
(30),
(31),
(32),
(33),
(34),
(35),
(36),
(37),
(38),
(39),
(40),
(41),
(42),
(43),
(44),
(45),
(46),
(47),
(48),
(49),
(50),
(51),
(52),
(53),
(54),
(55),
(56),
(57),
(58),
(59),
(60),
(61),
(62),
(63),
(64),
(65),
(66),
(67),
(68),
(69),
(70),
(71),
(72),
(73),
(74),
(75),
(76),
(77),
(78),
(79),
(80),
(81),
(82),
(83),
(84),
(85),
(86),
(87),
(88),
(89),
(90),
(91),
(92),
(93),
(94),
(95),
(96),
(97),
(98),
(99),
(100),
(101),
(102),
(103),
(104),
(105),
(106),
(107),
(108),
(109),
(110),
(111),
(112),
(113),
(114),
(115),
(116),
(117),
(118),
(119),
(120),
(121),
(122),
(123),
(124),
(125),
(126),
(127),
(128),
(129),
(130),
(131),
(132),
(133),
(134),
(135),
(136),
(137),
(138),
(139),
(140),
(141),
(142),
(143),
(144),
(145),
(146),
(147),
(148),
(149),
(150),
(151),
(152),
(153),
(154),
(155),
(156),
(157),
(158),
(159),
(160),
(161),
(162),
(163),
(164),
(165),
(166),
(167),
(168),
(169),
(170),
(171),
(172),
(173),
(174),
(175),
(176),
(177),
(178),
(179),
(180),
(181),
(182),
(183),
(184),
(185),
(186),
(187),
(188),
(189),
(190),
(191),
(192),
(193),
(194),
(195),
(196),
(197),
(198),
(199),
(200),
(201),
(202),
(203),
(204),
(205),
(206),
(207),
(208),
(209),
(210),
(211),
(212),
(213),
(214),
(215),
(216),
(217),
(218),
(219),
(220),
(221),
(222),
(223),
(224),
(225),
(226),
(227),
(228),
(229),
(230),
(231),
(232),
(233),
(234),
(235),
(236),
(237),
(238),
(239),
(240),
(241),
(242),
(243),
(244),
(245),
(246),
(247),
(248),
(249),
(250),
(251),
(252),
(253),
(254),
(255),
(256),
(257),
(258),
(259),
(260),
(261),
(262),
(263),
(264),
(265),
(266);

-- --------------------------------------------------------

--
-- Table structure for table `user`
--

CREATE TABLE IF NOT EXISTS `user` (
  `username` varchar(255) NOT NULL DEFAULT '',
  `password` varchar(255) DEFAULT NULL,
  `email` varchar(255) DEFAULT NULL,
  PRIMARY KEY (`username`)
) ENGINE=InnoDB DEFAULT CHARSET=latin1;

--
-- Dumping data for table `user`
--

INSERT INTO `user` (`username`, `password`, `email`) VALUES
('31', '123', 'ali@hotmail.com'),
('a1123231', '123', 'ali@hotmail.com'),
('ali', '123', 'alihaider907@gmail.com'),
('baig', '123', 'baigsahib'),
('baig1', '123', '1212'),
('baig1asd', '123', '1212sdf'),
('brannew', '123', 'bran@gmail.com'),
('brannew1', '123', 'bran1@gmail.com'),
('brannew10', '123', 'bran10@gmail.com'),
('brannew2', '123', 'bran2@gmail.com'),
('brannew3', '123', 'bran3@gmail.com'),
('brannew4', '123', 'bran4@gmail.com'),
('brannew5', '123', 'bran5@gmail.com'),
('brannew6', '123', 'bran66@gmail.com'),
('brannew7', '123', 'bran7@gmail.com'),
('brannew8', '123', 'bran8@gmail.com'),
('brannew9', '123', 'bran9@gmail.com'),
('dilawar', '123', 'dilawar@gmail.com'),
('fast', '123', 'fast.nu@gmail.com'),
('fyp', '123', 'fyp@gmail.com'),
('haider', '123', 'alihaider907@gmail.com'),
('mynewplayer', '123', 'ali@hotmail.com'),
('newID', '123', 'alihaider907@gmail.com'),
('ozair', '123', 'ozair@gmail.com'),
('tmp123', '123', 'temp@gmail.com');

--
-- Constraints for dumped tables
--

--
-- Constraints for table `farm`
--
ALTER TABLE `farm`
  ADD CONSTRAINT `farm_ibfk_1` FOREIGN KEY (`owner`) REFERENCES `user` (`username`);

--
-- Constraints for table `player_info`
--
ALTER TABLE `player_info`
  ADD CONSTRAINT `player_info_ibfk_1` FOREIGN KEY (`ID`) REFERENCES `user` (`username`);

/*!40101 SET CHARACTER_SET_CLIENT=@OLD_CHARACTER_SET_CLIENT */;
/*!40101 SET CHARACTER_SET_RESULTS=@OLD_CHARACTER_SET_RESULTS */;
/*!40101 SET COLLATION_CONNECTION=@OLD_COLLATION_CONNECTION */;
